<?xml version="1.0" encoding="UTF-8" ?>
<extension type="package" version="2.5" method="upgrade">
	<name>Vip Quotes Packages</name>
	<packagename>vipquotes</packagename>
	<creationDate>August, 2010</creationDate>
	<author>Todor Iliev</author>
	<authorEmail>todor@itprism.com</authorEmail>
	<authorUrl>http://itprism.com</authorUrl>
	<copyright>Copyright (C) 2010 Todor Iliev ( ITPrism.com )</copyright>
	<license>http://www.gnu.org/copyleft/gpl.html</license>
	<version>2.2</version>
	<url>http://www.itprism.com</url>
	<packager>Todor Iliev</packager>
	<packagerurl>http://www.itprism.com</packagerurl>
	<description><![CDATA[
	<p><a href="http://itprism.com/free-joomla-extensions/others/quotes-collection-manager" target="_blank">Vip Quotes</a> is an extension for Joomla! that provide ability to collect and share quotations.</p>
	<p>Invest in the extension and help for its improvement. You can <a href="http://itprism.com/sponsorship" title="Sponsoring" target="_blank">sponsor the extension via SMS or PayPal</a>.</p>
	<p><a href="http://itprism.com/" target="_blank">Subscribe for the newsletter</a> to receive <strong>gifts</strong>, <strong>discount codes</strong>, information about <strong>updates</strong> and information about <strong>new ITPrism extensions</strong>.</p>
	<p>Please, <a href="http://extensions.joomla.org/extensions/living/quotes/6877">vote for the extension</a> on Joomla! Extensions Directory</p>
	]]></description>
	<files folder="packages">
		<file type="component" 	id="com_vipquotes" >com_vipquotes.zip</file>
		<file type="module" 	id="mod_viplastquotes" client="site">mod_viplastquotes.zip</file>
		<file type="module" 	id="mod_viprandomquotes" client="site">mod_viprandomquotes.zip</file>
	</files>
</extension>
